competition,date,home_team,scores,away_team,location
Unofficial Friendly,1915 ,South China A.A.,3–1,Philippines,"Shanghai, China"
Friendly[1],6 January 1968 ,Philippines,2–1,Dallas Tornado,"Manila, Philippines"
Friendly,12 February 1972 ,Philippines,0–6,Cruzeiro,"Manila, Philippines"
1972 Jakarta Anniversary Tournament,6 June 1972 ,South Korea B,1–1,Philippines,Jakarta
1972 Merdeka Tournament,23 July 1972 ,Philippines,1–1,Burma B,"Ipoh, Malaysia"
Friendly[2],12 December 1975 ,Philippines,2–3,Sabah FA,"Manila, Philippines"
1981 Jakarta Anniversary Tournament,16 August 1981 ,Universidad de Guadalajara,12–0,Philippines,"Jakarta, Indonesia"
1981 Jakarta Anniversary Tournament,18 August 1981 ,Philippines,2–0,Malaysia B,"Jakarta, Indonesia"
1986 President Aquino Cup,6 August 1986 ,Guangdong,2–0,Philippines,"Manila, Philippines"
1986 President Aquino Cup,8 August 1986 ,Philippines,0–5,Russian SFSR,"Manila, Philippines"
1986 President Aquino Cup,10 August 1986 ,Philippines,1–5,South China,"Manila, Philippines"
1991 Philippines International Cup,7 May 1991 ,Malay Mail,1–0,Philippines,"Bacolod, Philippines"
1991 Philippines International Cup,9 May 1991 ,Philippines,0–0,Taipei Bank,"Bacolod, Philippines"
1993 Philippines International Cup,12 May 1993 ,Philippines,1–0,Malay Mail,"Bacolod, Philippines"
1993 Philippines International Cup,13 May 1993 ,Philippines,1–1,Taipei Bank,"Bacolod, Philippines"
1993 Philippines International Cup,14 May 1993 ,Philippines,1–2,Shanghai,"Bacolod, Philippines"
1997 President's Cup,15 February 1997 ,Philippines,1–1,Malay Mail,"Iloilo City, Philippines"
1997 President's Cup,19 February 1997 ,Philippines,2–0,Woodlands Wellington,"Iloilo City, Philippines"
1997 President's Cup SF,21 February 1997 ,Philippines,0–2,Royal Thai Air Force,"Iloilo City, Philippines"
1998 President's Centennial Cup,7 March 1998 ,Philippines,0–1,Tatung,"Iloilo City, Philippines"
1998 President's Centennial Cup,9 March 1998 ,Philippines,2–1,Malay Mail,"Iloilo City, Philippines"
1998 President's Centennial Cup,11 March 1998 ,Philippines,2–1,Woodlands Wellington,"Iloilo City, Philippines"
1998 President's Centennial Cup SF,14 March 1998 ,Philippines,0–4,Hong Kong Rangers,"Bacolod, Philippines"
1998 President's Centennial Cup 3rd place,15 March 1998 ,Philippines,1–3,Sembawang Rangers,"Bacolod, Philippines"
2006 AFC Challenge Cup GS,3 April 2006 ,Philippines,1–1,India U-20,"Chittagong, Bangladesh"
Friendly[3],11 October 2008 ,Rattana Bundit,1–2,Philippines,"Bangkok, Thailand"
Friendly[4],13 October 2008 ,Bangkok Glass,2–1,Philippines,"Bangkok, Thailand"
Friendly[5],17 January 2010 ,Taipei PE College,2–1,Philippines,"Kaohsiung, Taiwan"
Friendly[6],3 October 2010 ,Chinese Taipei U-23,1–0,Philippines,"Tainan, Taiwan"
2010 Long Teng Cup,9 October 2010 ,Hong Kong U-23,4–2[note 1],Philippines,"Kaohsiung, Taiwan"
Friendly[8],27 November 2010 ,Nakhon Pathom,8–0,Philippines,"Nakhon Pathom, Thailand"
Friendly[9],9 March 2011 ,Kanto Gakuin University,4–0,Philippines,"Gotemba, Japan"
Friendly[10],11 March 2011 ,Kanto Gakuin University,8–1,Philippines,"Gotemba, Japan"
Friendly[11],5 June 2011 ,Philippines,3–4,UFL All Stars,"Makati, Philippines"
Friendly[12],15 June 2011 ,Aachen-Düren XI,1–4,Philippines,"Düren, Germany"
Friendly[13],17 June 2011 ,Bonner U-19,1–4,Philippines,"Alfter, Germany"
Friendly[14],22 June 2011 ,Ingolstadt 04,4–0,Philippines,"Ingolstadt, Germany"
Friendly[15],24 June 2011 ,Darmstadt 98,5–0,Philippines,"Darmstadt, Germany"
Friendly[16],16 July 2011 ,Bahrain U23,2–1,Philippines,"Riffa, Bahrain"
Friendly[17],18 July 2011 ,Bahrain U23,3–1,Philippines,"Arad, Bahrain"
Friendly[18],3 December 2011 ,Philippines,1–6,LA Galaxy,"Manila, Philippines"
Friendly[19],7 January 2012 ,Philippines,1–3,Inter de Madrid,"Manila, Philippines"
Friendly[20],21 January 2012 ,Philippines,1–1 (2–4 p),Icheon Citizen FC,"Manila, Philippines"
Friendly[21],11 February 2012 ,Philippines,0–3,Uzbekistan U-23,"Dubai, United Arab Emirates"
Friendly[22],13 February 2012 ,Al Ahli SC,1–3,Philippines,"Doha, Qatar"
Friendly[24],16 February 2012 ,Philippines,0–1,Australia U-23,"Dubai, United Arab Emirates"
Friendly[25],11 August 2012 ,Chicago Inferno,3–1,Philippines,"Wheaton, United States[26]"
Friendly[27],5 September 2012 ,Cambodia,0–0[note 2],Philippines,"Phnom Penh, Cambodia"
Friendly[29],10 September 2012 ,Laos,2–1[note 3],Philippines,"Vientiane, Laos"
Friendly[31],14 April 2014 ,Al Ahli SC,1–1,Philippines,"Doha, Qatar"
Friendly[32][33],10 May 2014 ,Al-Muharraq SC,2–1,Philippines,"Riffa, Bahrain"
Friendly[34],27 August 2014 ,Philippines,3–1,Global,"Manila, Philippines"
Friendly,26 July 2016[35] ,Philippines,0–2,Perth Glory FC,"Bantay, Philippines"
Unofficial friendly[note 4],6 November 2018 ,Philippines,3–1,Mongolia,"Imus, Philippines"
Unofficial friendly[note 5],31 December 2018 ,Vietnam,4–2,Philippines,"Doha, Qatar"
Unofficial friendly[note 6],9 June 2019 ,Guangzhou Evergrande (RT),0–0,Philippines,"Guangzhou, China"
Unofficial friendly,10 October 2019 ,Philippines,3–1,Chainat Hornbill,"Bacolod, Philippines"
Unofficial friendly,"October 15, 2023 ",Kyrgyzstan,0–1,Philippines,"Manama, Bahrain"
1913 Far Eastern Championship Games,February 4 1913,Philippines,2–1,China,"Manila, Philippines"
1915 Far Eastern Championship Games,May 17 1915,China,1–0,Philippines,"Shanghai, China"
1915 Far Eastern Championship Games,May 18 1915,China,0–0,Philippines,"Shanghai, China"
1915 Far Eastern Championship Games,May 20 1915,China,1–1,Philippines,"Shanghai, China"
1917 Far Eastern Championship Games,May 10 1917,Japan,2–15,Philippines,"Tokyo, Japan"
1917 Far Eastern Championship Games,May 11 1917,China,3–0abandoned,Philippines,"Tokyo, Japan"
1919 Far Eastern Championship Games,May 12 1919,Philippines,0–2,China,"Manila, Philippines"
1919 Far Eastern Championship Games,May 13 1919,Philippines,2–1,China,"Manila, Philippines"
1919 Far Eastern Championship Games,May 15 1919,Philippines,1–2,China,"Manila, Philippines"
1921 Far Eastern Championship Games,May 30 1921,Philippines,3–1,Japan,"Shanghai, China"
1921 Far Eastern Championship Games,June 2 1921,China,1–0,Philippines,"Shanghai, China"
1923 Far Eastern Championship Games,May 22 1923,China,3–0,Philippines,"Osaka, Japan"
1923 Far Eastern Championship Games,May 23 1923,Japan,1–2,Philippines,"Osaka, Japan"
1925 Far Eastern Championship Games,May 18 1925,Philippines,4–0,Japan,"Manila, Philippines"
1925 Far Eastern Championship Games,May 20 1925,Philippines,1–5,China,"Manila, Philippines"
1927 Far Eastern Championship Games,August 29 1927,Japan,2–1,Philippines,"Shanghai, China"
1927 Far Eastern Championship Games,August 31 1927,China,3–1,Philippines,"Shanghai, China"
1930 Far Eastern Championship Games,May 25 1930,Japan,7–2,Philippines,"Tokyo, Japan"
1930 Far Eastern Championship Games,May 27 1930,China,5–0,Philippines,"Tokyo, Japan"
1934 Far Eastern Championship Games,May 12 1934,China,2–0,Philippines,"Manila, Philippines"
1934 Far Eastern Championship Games,May 15 1934,Japan,4–3,Philippines,"Manila, Philippines"
1934 Far Eastern Championship Games,May 19 1934,Philippines,3–2,Dutch East Indies,"Manila, Philippines"
1940 East Asian Games,June 8 1940,Republic of China,2–1,Philippines,"Tokyo, Japan"
1940 East Asian Games,June ? 1940,Manchukuo,1–1,Philippines,Japan
1940 East Asian Games,June 16 1940,Japan,1–0,Philippines,"Nishinomiya, Japan"
1977 Southeast Asian Games GS,20 November 1977,Philippines,4–1,Brunei,"Kuala Lumpur, Malaysia"
1977 Southeast Asian Games GS,21 November 1977,Malaysia,5–0,Philippines,"Kuala Lumpur, Malaysia"
1977 Southeast Asian Games GS,23 November 1977,Philippines,1–1,Indonesia,"Kuala Lumpur, Malaysia"
1976 Summer Olympics qualification,14 March 1976,Philippines,0–3,Japan,"Tokyo, Japan"
1976 Summer Olympics qualification,17 March 1976,Philippines,0–3,Japan,"Tokyo, Japan"
Aloha Soccer Festival[3][4],8 April 1976,Philippines,1–0,Taiwan,"Honolulu, United States"
1974 Asian Games R1,3 September 1974,Japan,4–0,Philippines,"Tehran, Iran"
1974 Asian Games R1,6 September 1974,Israel,6–0,Philippines,"Tehran, Iran"
1974 Asian Games R1,7 September 1974,Malaysia,11–0,Philippines,"Tehran, Iran"
1972 Jakarta Anniversary Tournament,8 June 1972,Singapore,0–2,Philippines,Jakarta
1972 Jakarta Anniversary Tournament,12 June 1972,Philippines,1–0,Thailand,Jakarta
1972 Jakarta Anniversary Tournament,14 June 1972,Khmer Republic,4–0,Philippines,Jakarta
1972 Merdeka Tournament,14 July 1972,Malaysia,1–0,Philippines,"Kuala Lumpur, Malaysia"
1972 Merdeka Tournament,16 July 1972,Khmer Republic,2–2,Philippines,"Kuala Lumpur, Malaysia"
1972 Merdeka Tournament,18 July 1972,Japan,5–1,Philippines,"Kuala Lumpur, Malaysia"
1972 Merdeka Tournament,20 July 1972,Philippines,4–1,Sri Lanka,"Kuala Lumpur, Malaysia"
1972 Pesta Sukan Cup,2 August 1972,Indonesia,3–0,Philippines,"Kallang, Singapore"
1972 Pesta Sukan Cup,3 August 1972,Japan,4–1,Philippines,Singapore
1972 Pesta Sukan Cup,5 August 1972,Khmer Republic,?,Philippines,Singapore
1972 President's Cup Football Tournament,21 September 1972,Burma,4–0,Philippines,"Seoul, South Korea"
1972 President's Cup Football Tournament,23 September 1972,Singapore,5–0,Philippines,"Seoul, South Korea"
1972 President's Cup Football Tournament,23 September 1972,Philippines,0–11,Indonesia,South Korea
Friendly[5],29 October 1972,Philippines,0–6,Australia,"Manila, Philippines"
1971 Merdeka Tournament,9 August 1971,Hong Kong,2–1,Philippines,"Kuala Lumpur, Malaysia"
1971 Merdeka Tournament,11 August 1971,Indonesia,3–1,Philippines,"Kuala Lumpur, Malaysia"
1971 Merdeka Tournament,14 August 1971,Burma,2–0,Philippines,"Kuala Terengganu, Malaysia"
1971 Merdeka Tournament,15 August 1971,Singapore,4–4,Philippines,"Kuala Lumpur, Malaysia"
1971 Merdeka Tournament,16 August 1971,India,5–1,Philippines,"Kuala Lumpur, Malaysia"
1971 Merdeka Tournament 11th place,17 August 1971,Philippines,3–1,Thailand,"Kuala Lumpur, Malaysia"
1971 Pesta Sukan Cup,24 August 1971,Thailand,1–0,Philippines,"Kallang, Singapore"
1971 Pesta Sukan Cup,27 August 1971,South Korea,3–1,Philippines,"Kallang, Singapore"
1972 OQT[6],25 September 1971,Philippines,3–0,Taiwan,"Seoul, South Korea"
1972 OQT,27 September 1971,Japan,8–1,Philippines,"Seoul, South Korea"
1972 OQT,29 September 1971,South Korea,6–0,Philippines,"Seoul, South Korea"
1972 OQT,2 October 1971,Malaysia,5–0,Philippines,"Seoul, South Korea"
1968 Summer Olympics qualification,27 September 1967 1967,Japan,15–0,Philippines,"Tokyo, Japan"
1968 Summer Olympics qualification,28 September 1967 1967,Lebanon,11–1,Philippines,"Tokyo, Japan"
1968 Summer Olympics qualification,3 October 1967 1967,Taiwan,7–2,Philippines,"Tokyo, Japan"
1968 Summer Olympics qualification,7 October 1967 1967,South Vietnam,10–0,Philippines,"Tokyo, Japan"
1968 Summer Olympics qualification,10 October 1967 1967,South Korea,5–0,Philippines,"Tokyo, Japan"
1960 AFC Asian Cup qualification,29 March 1959 1959,Philippines,0–7,Hong Kong,"Manila, Philippines"
1960 AFC Asian Cup qualification,31 March 1959 1959,Philippines,4–7,Taiwan,"Manila, Philippines"
1958 Asian Games,25 May 1958 1958,Hong Kong,4–1,Philippines,"Tokyo, Japan"
1958 Asian Games,26 May 1958 1958,Philippines,1–0,Japan,"Tokyo, Japan"
1958 Asian Games,30 May 1958 1958,Indonesia,5–2,Philippines,"Tokyo, Japan"
Unofficial friendly,,Philippines,0–2,Japan,"Manila, Philippines"
Unofficial friendly,,Philippines,0–3,Japan,"Manila, Philippines"
1956 AFC Asian Cup qualification,25 February 1956 1956,Philippines,0–2,South Korea,"Manila, Philippines"
1956 AFC Asian Cup qualification,21 April 1956 1956,South Korea,3–0,Philippines,"Seoul, South Korea"
1954 Asian Games,3 May 1954 1954,Philippines,2–3,South Vietnam,"Manila, Philippines"
1954 Asian Games,6 May 1954 1954,Philippines,0–4,Taiwan,"Manila, Philippines"
Unofficial friendly,31 January 1953 1953,Singapore,4–0,Philippines,"Manila, Philippines"
Unofficial friendly,20 June 1953 1953,Singapore,3–1,Philippines,Singapore
Unofficial friendly,19 February 1950 1950,Hong Kong,6–1,Philippines,British Hong Kong
Unofficial friendly,21 February 1948 1948,Hong Kong,4–1,Philippines,British Hong Kong
1980 Summer Olympics qualification,22 March 1980,Indonesia,4–0,Philippines,"Kuala Lumpur, Malaysia"
1980 Summer Olympics qualification,24 March 1980,Japan,10–0,Philippines,"Kuala Lumpur, Malaysia"
1980 Summer Olympics qualification,25 March 1980,Brunei,2–0,Philippines,"Kuala Lumpur, Malaysia"
1980 Summer Olympics qualification,27 March 1980,South Korea,8–0,Philippines,"Kuala Lumpur, Malaysia"
1980 Summer Olympics qualification,3 April 1980,Malaysia,8–0,Philippines,"Kuala Lumpur, Malaysia"
1981 Jakarta Anniversary Tournament,14 August 1981,Indonesia,3–0,Philippines,"Jakarta, Indonesia"
1981 Southeast Asian Games GS,9 December 1981,Singapore,4–0,Philippines,"Manila, Philippines"
1981 Southeast Asian Games GS,11 December 1981,Indonesia,2–0,Philippines,"Manila, Philippines"
1983 Southeast Asian Games GS,30 May 1983,Philippines,0–0,Malaysia,Singapore
1983 Southeast Asian Games GS,1 June 1983,Singapore,5–0,Philippines,Singapore
1984 Summer Olympics qualification,4 September 1983,Japan,7–0,Philippines,"Tokyo, Japan"
1984 Summer Olympics qualification,7 September 1983,Japan,10–1,Philippines,"Tokyo, Japan"
1984 AFC Asian Cup qualification,7 August 1984,Syria,2–0,Philippines,"Jakarta, Indonesia"
1984 AFC Asian Cup qualification,9 August 1984,Thailand,3–0,Philippines,"Jakarta, Indonesia"
1984 AFC Asian Cup qualification,11 August 1984,Indonesia,1–0,Philippines,"Solo, Indonesia"
1984 AFC Asian Cup qualification,13 August 1984,Bangladesh,3–2,Philippines,"Solo, Indonesia"
1984 AFC Asian Cup qualification,15 August 1984,Iran,7–1,Philippines,"Jakarta, Indonesia"
1985 Southeast Asian Games GS,10 December 1985,Malaysia,6–0,Philippines,"Bangkok, Thailand"
1985 Southeast Asian Games GS,12 December 1985,Thailand,7–0,Philippines,"Bangkok, Thailand"
1988 Summer Olympics qualification,3 April 1987,Philippines,0–5,Hong Kong,Hong Kong
1988 Summer Olympics qualification,10 April 1987,Philippines,0–9,China,"Guangzhou, China"
1988 Summer Olympics qualification,13 April 1987,China,10–0,Philippines,"Guangzhou, China"
1988 Summer Olympics qualification,14 May 1987,Hong Kong,7–0,Philippines,"Guangzhou, China"
1989 Southeast Asian Games GS,21 August 1989,Malaysia,3–0,Philippines,"Kuala Lumpur, Malaysia"
1989 Southeast Asian Games GS,23 August 1989,Indonesia,5–1,Philippines,"Kuala Lumpur, Malaysia"
1989 Southeast Asian Games GS,25 August 1989,Brunei,2–0,Philippines,"Kuala Lumpur, Malaysia"
1991 Philippines International Cup,6 May 1991,Philippines,2–1,Brunei,"Iloilo City, Philippines"
Friendly,20 May 1991,Pakistan,1–0,Philippines,"Dubai, United Arab Emirates"
1991 Southeast Asian Games GS,26 November 1991,Philippines,2–2,Vietnam,"Manila, Philippines"
1991 Southeast Asian Games GS,28 November 1991,Philippines,1–0,Malaysia,"Manila, Philippines"
1991 Southeast Asian Games GS,30 November 1991,Philippines,1–2,Indonesia,"Manila, Philippines"
1991 Southeast Asian Games SF,2 December 1991,Thailand,6–2,Philippines,"Manila, Philippines"
1991 Southeast Asian Games 3rd place,4 December 1991,Philippines,0–2,Singapore,"Manila, Philippines"
1993 Philippines International Cup,15 May 1993,Philippines,1–0,Brunei,"Bacolod, Philippines"
1993 Philippines International Cup 3rd place,17 May 1993,Philippines,0–1,Brunei,"Bacolod, Philippines"
1993 Southeast Asian Games GS,9 June 1993,Singapore,7–0,Philippines,Singapore
1993 Southeast Asian Games GS,11 June 1993,Vietnam,1–0,Philippines,Singapore
1993 Southeast Asian Games GS,15 June 1993,Indonesia,3–1,Philippines,Singapore
1995 Southeast Asian Games GS,4 December 1995,Myanmar,4–1,Philippines,"Lamphun, Thailand"
1995 Southeast Asian Games GS,6 December 1995,Laos,1–0,Philippines,"Lamphun, Thailand"
1995 Southeast Asian Games GS,8 December 1995,Singapore,4–0,Philippines,"Chiang Mai, Thailand"
1995 Southeast Asian Games GS,12 December 1995,Philippines,1–0,Brunei,"Lamphun, Thailand"
1996 AFC Asian Cup qualification,30 January 1996,Hong Kong,8–0,Philippines,Hong Kong
1996 AFC Asian Cup qualification,1 February 1996,Philippines,0–7,China,Hong Kong
1996 AFC Asian Cup qualification,4 February 1996,Macau,5–1,Philippines,Hong Kong
1996 AFF Championship GS,2 September 1996,Philippines,0–5,Thailand,Singapore
1996 AFF Championship GS,4 September 1996,Malaysia,7–0,Philippines,Singapore
1996 AFF Championship GS,6 September 1996,Singapore,3–0,Philippines,Singapore
1996 AFF Championship GS,8 September 1996,Brunei,1–0,Philippines,Singapore
1998 FIFA World Cup qualification,21 September 1996,India,2–0,Philippines,"Doha, Qatar"
1998 FIFA World Cup qualification,23 September 1996,Qatar,5–0,Philippines,"Doha, Qatar"
1998 FIFA World Cup qualification,26 September 1996,Philippines,0–3,Sri Lanka,"Doha, Qatar"
1997 President's Cup 3rd place,23 February 1997,Philippines,1–1 (3–4 p),Cambodia,"Iloilo City, Philippines"
1997 Southeast Asian Games GS,7 October 1997,Malaysia,4–0,Philippines,"Jakarta, Indonesia"
1997 Southeast Asian Games GS,9 October 1997,Laos,4–1,Philippines,"Jakarta, Indonesia"
1997 Southeast Asian Games GS,12 October 1997,Indonesia,2–0,Philippines,"Jakarta, Indonesia"
1997 Southeast Asian Games GS,14 October 1997,Vietnam,3–0,Philippines,"Jakarta, Indonesia"
Friendly,27 November 1997,Philippines,0–1,Estonia,"Manila, Philippines"
1998 AFF Championship qualification,24 March 1998,Singapore,1–0,Philippines,Singapore
1998 AFF Championship qualification,26 March 1998,Cambodia,1–1,Philippines,Singapore
1998 AFF Championship GS,27 August 1998,Indonesia,3–0,Philippines,"Ho Chi Minh City, Vietnam"
1998 AFF Championship GS,29 August 1998,Thailand,3–1,Philippines,"Ho Chi Minh City, Vietnam"
1998 AFF Championship GS,29 August 1998,Myanmar,5–2,Philippines,"Ho Chi Minh City, Vietnam"
1999 Southeast Asian Games GS,30 July 1999,Thailand,9–0,Philippines,"Bandar Seri Begawan, Brunei"
1999 Southeast Asian Games GS,1 August 1999,Myanmar,4–1,Philippines,"Bandar Seri Begawan, Brunei"
1999 Southeast Asian Games GS,3 August 1999,Philippines,2–3,Laos,"Bandar Seri Begawan, Brunei"
1999 Southeast Asian Games GS,8 August 1999,Philippines,0–2,Vietnam,"Bandar Seri Begawan, Brunei"
2000 AFC Asian Cup qualification,23 January 2000,China,8–0,Philippines,"Ho Chi Minh City, Vietnam"
2000 AFC Asian Cup qualification,26 January 2000,Vietnam,3–0,Philippines,"Ho Chi Minh City, Vietnam"
2000 AFC Asian Cup qualification,29 January 2000,Guam,0–2,Philippines,"Ho Chi Minh City, Vietnam"
2000 Tiger Cup GS,6 November 2000,Indonesia,3–0,Philippines,"Chiang Mai, Thailand"
2000 Tiger Cup GS,8 November 2000,Myanmar,3–0,Philippines,"Chiang Mai, Thailand"
2000 Tiger Cup GS,12 November 2000,Thailand,2–0,Philippines,"Chiang Mai, Thailand"
Friendly[3],25 April 2001,Lebanon,3–0,Philippines,"Beirut, Lebanon"
2002 FIFA World Cup qualification,30 April 2001,Syria,12–0,Philippines,"Aleppo, Syria"
2002 FIFA World Cup qualification,4 May 2001,Philippines,1–5,Syria,"Aleppo, Syria"
2002 FIFA World Cup qualification,7 May 2001,Oman,7–0,Philippines,"Muscat, Oman"
2002 FIFA World Cup qualification,11 May 2001,Philippines,0–2,Oman,"Muscat, Oman"
2002 FIFA World Cup qualification,19 May 2001,Laos,2–0,Philippines,"Vientiane, Laos"
2002 FIFA World Cup qualification,26 May 2001,Laos,1–1,Philippines,"Pasig, Philippines"
Friendly[5][6],11 December 2002,Singapore,2–0,Philippines,Singapore
2002 Tiger Cup GS,17 December 2002,Philippines,1–6,Myanmar,"Jakarta, Indonesia"
2002 Tiger Cup GS,19 December 2002,Vietnam,4–1,Philippines,"Jakarta, Indonesia"
2002 Tiger Cup GS,21 December 2002,Cambodia,1–0,Philippines,"Jakarta, Indonesia"
2002 Tiger Cup GS,23 December 2002,Indonesia,13–1,Philippines,"Jakarta, Indonesia"
2002 Tiger Cup GS,8 December 2004,Philippines,0–1,Myanmar,"Kuala Lumpur, Malaysia"
2002 Tiger Cup GS,10 December 2004,Malaysia,4–1,Philippines,"Kuala Lumpur, Malaysia"
2002 Tiger Cup GS,14 December 2004,Philippines,2–1,East Timor,"Kuala Lumpur, Malaysia"
2002 Tiger Cup GS,16 December 2004,Thailand,3–1,Philippines,"Kuala Lumpur, Malaysia"
Friendly[7],26 March 2006,Thailand,5–0,Philippines,"Chonburi, Thailand"
2006 AFC Challenge Cup GS,1 April 2006,Chinese Taipei,1–0,Philippines,"Chittagong, Bangladesh"
2006 AFC Challenge Cup GS,5 April 2006,Philippines,1–1,Afghanistan,"Chittagong, Bangladesh"
2007 AFF Championship qualification,12 November 2006,Philippines,1–2,Laos,"Bacolod, Philippines"
2007 AFF Championship qualification,14 November 2006,Philippines,7–0,East Timor,"Bacolod, Philippines"
2007 AFF Championship qualification,18 November 2006,Philippines,1–0,Cambodia,"Bacolod, Philippines"
2007 AFF Championship qualification,20 November 2006,Philippines,4–1,Brunei,"Bacolod, Philippines"
Friendly[8],7 January 2007,Singapore,4–1,Philippines,Singapore
2007 AFF Championship GS,12 January 2007,Malaysia,4–0,Philippines,"Bangkok, Thailand"
2007 AFF Championship GS,12 January 2007,Thailand,4–0,Philippines,"Bangkok, Thailand"
2007 AFF Championship GS,12 January 2007,Myanmar,0–0,Philippines,"Bangkok, Thailand"
2008 AFC Challenge Cup qualification,13 May 2008,Brunei,0–1,Philippines,"Iloilo City, Philippines"
2008 AFC Challenge Cup qualification,15 May 2008,Philippines,0–0,Tajikistan,"Iloilo City, Philippines"
2008 AFC Challenge Cup qualification,17 May 2008,Philippines,3–0,Bhutan,"Barotac Nuevo, Philippines"
2008 AFF Championship qualification,17 October 2008,Philippines,1–0,East Timor,"Phnom Penh, Cambodia"
2008 AFF Championship qualification,19 October 2008,Brunei,1–1,Philippines,"Phnom Penh, Cambodia"
2008 AFF Championship qualification,21 October 2008,Philippines,1–2,Laos,"Phnom Penh, Cambodia"
2008 AFF Championship qualification,23 October 2008,Cambodia,2–3,Philippines,"Phnom Penh, Cambodia"
2010 AFC Challenge Cup qualification,14 April 2009,Philippines,1–0,Bhutan,"Malé, Maldives"
2010 AFC Challenge Cup qualification,16 April 2009,Maldives,3–2,Philippines,"Malé, Maldives"
2010 AFC Challenge Cup qualification,18 April 2009,Turkmenistan,5–0,Philippines,"Malé, Maldives"
Friendly[3][4],16 January 2010,Chinese Taipei,0–0,Philippines,"Kaohsiung, Taiwan"
2010 Long Teng Cup,10 October 2010,Chinese Taipei,1–1,Philippines,"Kaohsiung, Taiwan"
2010 Long Teng Cup,12 October 2010,Philippines,5–0,Macau,"Kaohsiung, Taiwan"
2010 AFF Championship qualification,22 October 2010,East Timor,0–5,Philippines,"Vientiane, Laos"
2010 AFF Championship qualification,24 October 2010,Laos,2–2,Philippines,"Vientiane, Laos"
2010 AFF Championship qualification,26 October 2010,Philippines,0–0,Cambodia,"Vientiane, Laos"
2010 AFF Championship GS,2 December 2010,Singapore,1–1,Philippines,"Hanoi, Vietnam"
2010 AFF Championship GS,5 December 2010,Philippines,2–0,Vietnam,"Hanoi, Vietnam"
2010 AFF Championship GS,8 December 2010,Myanmar,0–0,Philippines,"Nam Định, Vietnam"
2010 AFF Championship SF 1st leg,16 December 2010,Philippines,0–1[note 1],Indonesia,"Jakarta, Indonesia"
2010 AFF Championship SF 2nd leg,19 December 2010,Indonesia,1–0,Philippines,"Jakarta, Indonesia"
2012 AFC Challenge Cup qualification,9 February 2011,Philippines,2–0,Mongolia,"Bacolod, Philippines"
2012 AFC Challenge Cup qualification,15 March 2011,Mongolia,2–1,Philippines,"Ulan Baatar, Mongolia"
2012 AFC Challenge Cup qualification,21 March 2011,Myanmar,1–1,Philippines,"Yangon, Myanmar"
2012 AFC Challenge Cup qualification,23 March 2011,Philippines,0–0,Palestine,"Yangon, Myanmar"
2012 AFC Challenge Cup qualification,25 March 2011,Bangladesh,0–3,Philippines,"Yangon, Myanmar"
2014 FIFA World Cup qualification,29 June 2011,Sri Lanka,1–1,Philippines,"Colombo, Sri Lanka"
2014 FIFA World Cup qualification,3 July 2011,Philippines,4–0,Sri Lanka,"Manila, Philippines"
2014 FIFA World Cup qualification,23 July 2011,Kuwait,3–0,Philippines,"Hawally, Kuwait"
2014 FIFA World Cup qualification,28 July 2011,Philippines,1–2,Kuwait,"Manila, Philippines"
2011 Long Teng Cup,30 September 2011,Hong Kong,3–3,Philippines,"Kaohsiung, Taiwan"
2011 Long Teng Cup,2 October 2011,Chinese Taipei,0–0,Philippines,"Kaohsiung, Taiwan"
2011 Long Teng Cup,4 October 2011,Philippines,2–0,Macau,"Kaohsiung, Taiwan"
Friendly[6],7 October 2011,Singapore,2–0,Philippines,Singapore
Friendly[7],11 October 2011,Philippines,4–0,Nepal,"Manila, Philippines"
Friendly[8],29 February 2012,Philippines,1–1,Malaysia,"Manila, Philippines"
2012 AFC Challenge Cup GS,9 March 2012,North Korea,2–0,Philippines,"Kathmandu, Nepal"
2012 AFC Challenge Cup GS,11 March 2012,Philippines,2–0,India,"Kathmandu, Nepal"
2012 AFC Challenge Cup GS,13 March 2012,Tajikistan,1–2,Philippines,"Kathmandu, Nepal"
2012 AFC Challenge Cup SF,16 March 2012,Turkmenistan,2–1,Philippines,"Kathmandu, Nepal"
2012 AFC Challenge Cup 3rd place,19 March 2012,Philippines,4–3,Palestine,"Kathmandu, Nepal"
Friendly[9],1 June 2012,Malaysia,0–0,Philippines,"Shah Alam, Malaysia"
Friendly[10],5 June 2012,Philippines,2–2,Indonesia,"Manila, Philippines"
Friendly[11],12 June 2012,Philippines,3–0,Guam,"Bacolod, Philippines"
Friendly[12],7 September 2012,Singapore,0–2,Philippines,Singapore
2012 Philippine Peace Cup[13],25 September 2012,Philippines,1–0,Guam,"Manila, Philippines"
2012 Philippine Peace Cup[14],27 September 2012,Philippines,5–0,Macau,"Manila, Philippines"
2012 Philippine Peace Cup[15],29 September 2012,Philippines,3–1,Chinese Taipei,"Manila, Philippines"
Friendly[16],12 October 2012,Bahrain,0–0,Philippines,"Manama, Bahrain"
Friendly[17],16 October 2012,Kuwait,2–1,Philippines,"Kuwait City, Kuwait"
Friendly[18],15 November 2012,Philippines,1–0,Singapore,"Cebu, Philippines"
2012 AFF Championship GS,24 November 2012,Thailand,2–1,Philippines,"Bangkok, Thailand"
2012 AFF Championship GS,27 November 2012,Vietnam,0–1,Philippines,"Bangkok, Thailand"
2012 AFF Championship GS,30 November 2012,Philippines,2–0,Myanmar,"Bangkok, Thailand"
2012 AFF Championship SF 1st leg,8 December 2012,Philippines,0–0,Singapore,"Manila, Philippines"
2012 AFF Championship SF 2nd leg,12 December 2012,Singapore,1–0,Philippines,Singapore
Friendly[19],6 February 2013,Myanmar,0–1,Philippines,"Yangon, Myanmar"
2014 AFC Challenge Cup qualification,22 March 2013,Philippines,Cancelled[note 2],Brunei,"Manila, Philippines"
2014 AFC Challenge Cup qualification,24 March 2013,Cambodia,0–8,Philippines,"Manila, Philippines"
2014 AFC Challenge Cup qualification,26 March 2013,Philippines,1–0,Turkmenistan,"Manila, Philippines"
Friendly[22],4 June 2013,Hong Kong,0–1,Philippines,Hong Kong
Friendly[24],14 August 2013,Indonesia,2–0,Philippines,"Surakarta, Indonesia"
2013 Philippine Peace Cup[25],11 October 2013,Philippines,1–2,Chinese Taipei,"Bacolod, Philippines"
2013 Philippine Peace Cup[26],15 October 2013,Philippines,3–1,Pakistan,"Bacolod, Philippines"
Friendly[27],9 November 2013,United Arab Emirates,4–0,Philippines,"Abu Dhabi, United Arab Emirates"
Friendly[28],15 November 2013,India,1–1,Philippines,"Siliguri, India"
Friendly[29],1 March 2014,Malaysia,0–0,Philippines,"Selayang, Malaysia"
Friendly[31],5 March 2014,Philippines,0–1,Azerbaijan,"Dubai, United Arab Emirates"
Friendly[34],11 April 2014,Philippines,3–0,Nepal,"Doha, Qatar"
Friendly[36],27 April 2014,Philippines,0–0,Malaysia,"Cebu, Philippines"
2014 AFC Challenge Cup GS,20 May 2014,Philippines,0–0,Afghanistan,"Addu City, Maldives"
2014 AFC Challenge Cup GS,22 May 2014,Laos,0–2,Philippines,"Addu City, Maldives"
2014 AFC Challenge Cup GS,24 May 2014,Turkmenistan,0–2,Philippines,"Malé, Maldives"
2014 AFC Challenge Cup SF,27 May 2014,Maldives,2–3 (a.e.t.),Philippines,"Malé, Maldives"
2014 AFC Challenge Cup F,30 May 2014,Palestine,1–0,Philippines,"Malé, Maldives"
2014 Philippine Peace Cup SF[38],3 September 2014,Philippines,5–1,Chinese Taipei,"Manila, Philippines"
2014 Philippine Peace Cup F[38],6 September 2014,Philippines,2–3 (a.e.t.),Myanmar,"Manila, Philippines"
Friendly[39],12 October 2014,Philippines,5–0,Papua New Guinea,"Manila, Philippines"
Friendly[41],31 October 2014,Philippines,3–0,Nepal,"Doha, Qatar"
Friendly[42],9 November 2014,Thailand,3–0,Philippines,"Nakhon Ratchasima, Thailand"
Friendly[44],14 November 2014,Philippines,3–0,Cambodia,"Manila, Philippines"
2014 AFF Championship GS,22 November 2014,Philippines,4–1,Laos,"Hanoi, Vietnam"
2014 AFF Championship GS,25 November 2014,Philippines,4–0,Indonesia,"Hanoi, Vietnam"
2014 AFF Championship GS,28 November 2014,Vietnam,3–1,Philippines,"Hanoi, Vietnam"
2014 AFF Championship SF 1st leg,6 December 2014,Philippines,0–0,Thailand,"Manila, Philippines"
2014 AFF Championship SF 2nd leg,10 December 2014,Thailand,3–0,Philippines,"Bangkok, Thailand"
Friendly,30 March 2015,Bahrain,2–1,Philippines,"Riffa, Bahrain"
2018 FIFA World Cup qualification,11 June 2015,Philippines,2–1,Bahrain,"Bocaue, Philippines"
2018 FIFA World Cup qualification,16 June 2015,Yemen,0–2,Philippines,"Doha, Qatar"
Friendly,3 September 2015,Philippines,2–0,Maldives,"Manila, Philippines"
2018 FIFA World Cup qualification,8 September 2015,Philippines,1–5,Uzbekistan,"Bocaue, Philippines"
2018 FIFA World Cup qualification,8 October 2015,North Korea,0–0,Philippines,"Pyongyang, North Korea"
2018 FIFA World Cup qualification,13 October 2015,Bahrain,2–0,Philippines,"Riffa, Bahrain"
2018 FIFA World Cup qualification,12 November 2015,Philippines,0–1,Yemen,"Manila, Philippines"
2018 FIFA World Cup qualification,24 March 2016,Uzbekistan,1–0,Philippines,"Tashkent, Uzbekistan"
2018 FIFA World Cup qualification,29 March 2016,Philippines,3–2,North Korea,"Manila, Philippines"
Friendly,6 September[46] 2016,Kyrgyzstan,1–2,Philippines,"Bishkek, Kyrgyzstan"
Friendly,7 October 2016,Philippines,1–3,Bahrain,"Manila, Philippines"
Friendly,10 October 2016,Philippines,1–3,North Korea,"Manila, Philippines"
Friendly,9 November[46] 2016,Philippines,1–0,Kyrgyzstan,"Manila, Philippines"
2016 AFF Championship GS,19 November 2016,Philippines,0–0,Singapore,"Bocaue, Philippines"
2016 AFF Championship GS,22 November 2016,Indonesia,2–2,Philippines,"Bocaue, Philippines"
2016 AFF Championship GS,25 November 2016,Philippines,0–1,Thailand,"Bocaue, Philippines"
Friendly,22 March 2017,Philippines,0–0,Malaysia,"Manila, Philippines"
2019 AFC Asian Cup qualification,28 March 2017,Philippines,4–1,Nepal,"Manila, Philippines"
Friendly,7 June 2017,China,8–1,Philippines,"Guangzhou, China"
2019 AFC Asian Cup qualification,13 June 2017,Tajikistan,3–4,Philippines,"Dushanbe, Tajikistan"
2019 AFC Asian Cup qualification,5 September 2017,Philippines,2–2,Yemen,"Bacolod, Philippines"
2019 AFC Asian Cup qualification,10 October 2017,Yemen,1–1,Philippines,"Al Wakrah, Qatar"
2019 AFC Asian Cup qualification,14 November 2017,Nepal,0–0,Philippines,"Lalitpur, Nepal"
2017 CTFA International Tournament,1 December 2017,Laos,1–3,Philippines,"Taipei, Taiwan"
2017 CTFA International Tournament,3 December 2017,Chinese Taipei,3–0,Philippines,"Taipei, Taiwan"
2017 CTFA International Tournament,5 December 2017,East Timor,1–0,Philippines,"Taipei, Taiwan"
Friendly,22 March 2018,Philippines,3–2,Fiji,"Manila, Philippines"
2019 AFC Asian Cup qualification,27 March 2018,Philippines,2–1,Tajikistan,"Manila, Philippines"
Friendly,6 September 2018,Bahrain,1–1,Philippines,"Riffa, Bahrain"
Friendly,9 September 2018,Al-Hadd,3–2,Philippines,Bahrain
2018 Bangabandhu Cup,3 October 2018,Philippines,3–1,Laos,"Sylhet, Bangladesh"
2018 Bangabandhu Cup,5 October 2018,Bangladesh,0–1,Philippines,"Sylhet, Bangladesh"
2018 Bangabandhu Cup SF,9 October 2018,Philippines,0–2,Tajikistan,"Cox's Bazar, Bangladesh"
Friendly,13 October 2018,Philippines,1–1,Oman,"Al Rayyan, Qatar"
2018 AFF Championship GS,13 November 2018,Philippines,1–0,Singapore,"Bacolod, Philippines"
2018 AFF Championship GS,17 November 2018,East Timor,2–3,Philippines,"Kuala Lumpur, Malaysia"
2018 AFF Championship GS,21 November 2018,Philippines,1–1,Thailand,"Bacolod, Philippines"
2018 AFF Championship GS,25 November 2018,Indonesia,0–0,Philippines,"Jakarta, Indonesia"
2018 AFF Championship SF 1st leg,2 December 2018,Philippines,1–2,Vietnam,"Bacolod, Philippines"
2018 AFF Championship SF 2nd leg,6 December 2018,Vietnam,2–1,Philippines,"Hanoi, Vietnam"
2019 AFC Asian Cup GS,7 January 2019,South Korea,1–0,Philippines,"Dubai, United Arab Emirates"
2019 AFC Asian Cup GS,11 January 2019,Philippines,0–3,China,"Abu Dhabi, United Arab Emirates"
2019 AFC Asian Cup GS,16 January 2019,Kyrgyzstan,3–1,Philippines,"Dubai, United Arab Emirates"
Friendly,7 June 2019,China,2–0,Philippines,"Guangzhou, China"
2022 FIFA World Cup qualification,5 September 2019,Philippines,2–5,Syria,"Bacolod, Philippines"
2022 FIFA World Cup qualification,10 September 2019,Guam,1–4,Philippines,"Dededo, Guam"
2022 FIFA World Cup qualification,15 October 2019,Philippines,0–0,China,"Bacolod, Philippines"
2022 FIFA World Cup qualification,14 November 2019,Maldives,1–2,Philippines,"Malé, Maldives"
2022 FIFA World Cup qualification,19 November 2019,Syria,1–0,Philippines,"Dubai, United Arab Emirates"
Friendly,May 28 2021,Philippines,Cancelled,India,Qatar
2022 FIFA World Cup qualification,June 7 2021,China,2–0,Philippines,"Sharjah, United Arab Emirates"
2022 FIFA World Cup qualification,June 11 2021,Philippines,3–0,Guam,"Sharjah, United Arab Emirates"
2022 FIFA World Cup qualification,June 15 2021,Philippines,1–1,Maldives,"Sharjah, United Arab Emirates"
2020 AFF Championship GS,December 8 2021,Philippines,1–2,Singapore,"Kallang, Singapore"
2020 AFF Championship GS,December 11 2021,East Timor,0–7,Philippines,"Kallang, Singapore"
2020 AFF Championship GS,December 14 2021,Philippines,1–2,Thailand,"Kallang, Singapore"
2020 AFF Championship GS,December 18 2021,Myanmar,2–3,Philippines,"Bishan, Singapore"
2022 FAS Tri-Nations Series,March 23 2022,Philippines,0–2,Malaysia,"Kallang, Singapore"
2022 FAS Tri-Nations Series,March 29 2022,Singapore,2–0,Philippines,"Kallang, Singapore"
Unofficial friendly,June 3 2022,Philippines,0–1,PFL All-Stars,"Biñan, Philippines"
2023 AFC Asian Cup qualification,June 8 2022,Philippines,0–0,Yemen,"Ulaanbaatar, Mongolia"
2023 AFC Asian Cup qualification,June 11 2022,Mongolia,0–1,Philippines,"Ulaanbaatar, Mongolia"
2023 AFC Asian Cup qualification,June 14 2022,Palestine,4–0,Philippines,"Ulaanbaatar, Mongolia"
Friendly,July 16 2022,Philippines,4–1,East Timor,"Bali, Indonesia"
Friendly,December 14 2022,Vietnam,1–0,Philippines,"Hanoi, Vietnam"
2022 AFF Championship GS,December 20 2022,Cambodia,3–2,Philippines,"Phnom Penh, Cambodia"
2022 AFF Championship GS,December 23 2022,Philippines,5–1,Brunei,"Manila, Philippines"
2022 AFF Championship GS,December 26 2022,Thailand,4–0,Philippines,"Pathum Thani, Thailand"
2022 AFF Championship GS,January 2 2023,Philippines,1–2,Indonesia,"Manila, Philippines"
Friendly,March 24 2023,Kuwait,2–0,Philippines,"Kuwait City, Kuwait"
Friendly,March 28 2023,Jordan,4–0,Philippines,"Doha, Qatar"
Friendly,June 15 2023,Philippines,1–0,Nepal,"Manila, Philippines"
Friendly,June 19 2023,Philippines,2–3,Chinese Taipei,"Manila, Philippines"
Friendly,September 8 2023,Chinese Taipei,1–1,Philippines,"Kaohsiung, Taiwan"
Friendly,September 12 2023,Philippines,2–1,Afghanistan,"Manila, Philippines"
Friendly,October 17 2023,Bahrain,1–0,Philippines,"Arad, Bahrain"
2026 FIFA World Cup qualification,November 16 2023,Philippines,0–2,Vietnam,"Manila, Philippines"
2026 FIFA World Cup qualification,November 21 2023,Philippines,1–1,Indonesia,"Manila, Philippines"
2026 World Cup qualification,March 21 2024,Iraq,1–0,Philippines,"Basra, Iraq"
2026 World Cup qualification,March 26 2024,Philippines,0–5,Iraq,"Manila, Philippines"
2026 World Cup qualification,June 6 2024,Vietnam,3–2,Philippines,"Hanoi, Vietnam"
2026 World Cup qualification,June 11 2024,Indonesia,2–0,Philippines,"Jakarta, Indonesia"
2024 ASEAN Championship,November 27 2024,Philippines,v,Myanmar,"Manila, Philippines"
2024 ASEAN Championship,November 30 2024,Laos,v,Philippines,"Vientiane, Laos"
2024 ASEAN Championship,December 3 2024,Philippines,v,Vietnam,"Manila, Philippines"
2024 ASEAN Championship,December 7 2024,Indonesia,v,Philippines,"Jakarta, Indonesia"
